tabla,tabla_descripcion,orden,campo,tipo,acepta_nulo,valor_defecto,descripcion
alert_deliveries,"Una fila por cada intento de notificar a una persona sobre una alerta. No está en el Anexo A: se agrega porque sin ella los RNF-04 y RNF-05, que exigen latencias medibles, no se pueden comprobar.",1,id,uuid,NO,gen_random_uuid(),
alert_deliveries,"Una fila por cada intento de notificar a una persona sobre una alerta. No está en el Anexo A: se agrega porque sin ella los RNF-04 y RNF-05, que exigen latencias medibles, no se pueden comprobar.",2,alert_id,uuid,NO,,
alert_deliveries,"Una fila por cada intento de notificar a una persona sobre una alerta. No está en el Anexo A: se agrega porque sin ella los RNF-04 y RNF-05, que exigen latencias medibles, no se pueden comprobar.",3,user_id,uuid,NO,,
alert_deliveries,"Una fila por cada intento de notificar a una persona sobre una alerta. No está en el Anexo A: se agrega porque sin ella los RNF-04 y RNF-05, que exigen latencias medibles, no se pueden comprobar.",4,push_device_id,uuid,SI,,
alert_deliveries,"Una fila por cada intento de notificar a una persona sobre una alerta. No está en el Anexo A: se agrega porque sin ella los RNF-04 y RNF-05, que exigen latencias medibles, no se pueden comprobar.",5,channel,character varying(10),NO,'push'::character varying,push es el canal principal. Los demás cubren el RF-82: vía alternativa cuando el push no se puede entregar.
alert_deliveries,"Una fila por cada intento de notificar a una persona sobre una alerta. No está en el Anexo A: se agrega porque sin ella los RNF-04 y RNF-05, que exigen latencias medibles, no se pueden comprobar.",6,status,character varying(10),NO,'queued'::character varying,
alert_deliveries,"Una fila por cada intento de notificar a una persona sobre una alerta. No está en el Anexo A: se agrega porque sin ella los RNF-04 y RNF-05, que exigen latencias medibles, no se pueden comprobar.",7,sent_at,timestamp with time zone,SI,,Momento en que el backend entregó la notificación al proveedor de push.
alert_deliveries,"Una fila por cada intento de notificar a una persona sobre una alerta. No está en el Anexo A: se agrega porque sin ella los RNF-04 y RNF-05, que exigen latencias medibles, no se pueden comprobar.",8,delivered_at,timestamp with time zone,SI,,Momento en que el proveedor confirmó la entrega al aparato. La diferencia con sent_at es la latencia que mide el RNF-05.
alert_deliveries,"Una fila por cada intento de notificar a una persona sobre una alerta. No está en el Anexo A: se agrega porque sin ella los RNF-04 y RNF-05, que exigen latencias medibles, no se pueden comprobar.",9,opened_at,timestamp with time zone,SI,,Momento en que el usuario abrió la notificación. Distinto de delivered_at: llegar no es lo mismo que enterarse.
alert_deliveries,"Una fila por cada intento de notificar a una persona sobre una alerta. No está en el Anexo A: se agrega porque sin ella los RNF-04 y RNF-05, que exigen latencias medibles, no se pueden comprobar.",10,error_detail,character varying(300),SI,,
alert_deliveries,"Una fila por cada intento de notificar a una persona sobre una alerta. No está en el Anexo A: se agrega porque sin ella los RNF-04 y RNF-05, que exigen latencias medibles, no se pueden comprobar.",11,created_at,timestamp with time zone,NO,now(),
alerts,"Alertas generadas por el sistema. Pilar central del producto: caída, vital fuera de rango, dosis no administrada, SOS y wearable sin datos.",1,id,uuid,NO,gen_random_uuid(),
alerts,"Alertas generadas por el sistema. Pilar central del producto: caída, vital fuera de rango, dosis no administrada, SOS y wearable sin datos.",2,patient_id,uuid,NO,,
alerts,"Alertas generadas por el sistema. Pilar central del producto: caída, vital fuera de rango, dosis no administrada, SOS y wearable sin datos.",3,type,character varying(20),NO,,
alerts,"Alertas generadas por el sistema. Pilar central del producto: caída, vital fuera de rango, dosis no administrada, SOS y wearable sin datos.",4,severity,character varying(10),NO,,
alerts,"Alertas generadas por el sistema. Pilar central del producto: caída, vital fuera de rango, dosis no administrada, SOS y wearable sin datos.",5,title,character varying(120),NO,,
alerts,"Alertas generadas por el sistema. Pilar central del producto: caída, vital fuera de rango, dosis no administrada, SOS y wearable sin datos.",6,detail,text,SI,,
alerts,"Alertas generadas por el sistema. Pilar central del producto: caída, vital fuera de rango, dosis no administrada, SOS y wearable sin datos.",7,payload,jsonb,SI,,"Datos que originaron la alerta (lectura fuera de rango, dosis omitida, etc.). Se mantiene como jsonb de forma INTENCIONAL: la estructura varía según el tipo de alerta (patrón de atributos variables). Normalizarlo exigiría una tabla de detalle por cada tipo, lo que no aporta integridad porque estos datos no se consultan ni se cruzan: solo se muestran al abrir la alerta. Excepción documentada a 1FN."
alerts,"Alertas generadas por el sistema. Pilar central del producto: caída, vital fuera de rango, dosis no administrada, SOS y wearable sin datos.",8,dedup_key,character varying(60),SI,,"Identifica la condición que originó la alerta (ej. spo2_low). Permite no repetir alertas por la misma causa dentro de 30 minutos (RF-46, AGE-501). La ventana de tiempo la evalúa el motor; la base aporta el índice."
alerts,"Alertas generadas por el sistema. Pilar central del producto: caída, vital fuera de rango, dosis no administrada, SOS y wearable sin datos.",9,status,character varying(12),NO,'active'::character varying,
alerts,"Alertas generadas por el sistema. Pilar central del producto: caída, vital fuera de rango, dosis no administrada, SOS y wearable sin datos.",10,acknowledged_by,uuid,SI,,
alerts,"Alertas generadas por el sistema. Pilar central del producto: caída, vital fuera de rango, dosis no administrada, SOS y wearable sin datos.",11,acknowledged_at,timestamp with time zone,SI,,Momento en que alguien atendió la alerta. NO está en el Anexo A: se agrega porque sin ella es imposible medir el tiempo de respuesta que exigen el ticket AGE-508 y el objetivo específico de Fase 1.
alerts,"Alertas generadas por el sistema. Pilar central del producto: caída, vital fuera de rango, dosis no administrada, SOS y wearable sin datos.",12,resolved_by,uuid,SI,,
alerts,"Alertas generadas por el sistema. Pilar central del producto: caída, vital fuera de rango, dosis no administrada, SOS y wearable sin datos.",13,resolved_at,timestamp with time zone,SI,,
alerts,"Alertas generadas por el sistema. Pilar central del producto: caída, vital fuera de rango, dosis no administrada, SOS y wearable sin datos.",14,resolution_note,character varying(500),SI,,
alerts,"Alertas generadas por el sistema. Pilar central del producto: caída, vital fuera de rango, dosis no administrada, SOS y wearable sin datos.",15,escalated_at,timestamp with time zone,SI,,Momento en que se escaló a los siguientes contactos por falta de atención (RF-52). NULL = no escalada.
alerts,"Alertas generadas por el sistema. Pilar central del producto: caída, vital fuera de rango, dosis no administrada, SOS y wearable sin datos.",16,created_at,timestamp with time zone,NO,now(),
alerts,"Alertas generadas por el sistema. Pilar central del producto: caída, vital fuera de rango, dosis no administrada, SOS y wearable sin datos.",17,updated_at,timestamp with time zone,NO,now(),Última modificación. Columna renombrada de update_at (typo corregido): el trigger tg_alerts_updated_at la mantiene actualizada en cada UPDATE.
audit_log,Registro inmutable (append-only) de accesos y cambios sobre datos clínicos. Cumple RNF-14 (trazabilidad clínica). Un trigger bloquea UPDATE y DELETE: la evidencia de auditoría no se puede alterar.,1,id,uuid,NO,gen_random_uuid(),
audit_log,Registro inmutable (append-only) de accesos y cambios sobre datos clínicos. Cumple RNF-14 (trazabilidad clínica). Un trigger bloquea UPDATE y DELETE: la evidencia de auditoría no se puede alterar.,2,actor_user_id,uuid,SI,,Quién ejecutó la acción. ON DELETE RESTRICT: la evidencia de auditoría no se puede perder.
audit_log,Registro inmutable (append-only) de accesos y cambios sobre datos clínicos. Cumple RNF-14 (trazabilidad clínica). Un trigger bloquea UPDATE y DELETE: la evidencia de auditoría no se puede alterar.,3,action,character varying(40),NO,,"Verbo del dominio: view_record (lectura de expediente), dose_log, alert_ack, etc."
audit_log,Registro inmutable (append-only) de accesos y cambios sobre datos clínicos. Cumple RNF-14 (trazabilidad clínica). Un trigger bloquea UPDATE y DELETE: la evidencia de auditoría no se puede alterar.,4,entity_type,character varying(40),NO,,
audit_log,Registro inmutable (append-only) de accesos y cambios sobre datos clínicos. Cumple RNF-14 (trazabilidad clínica). Un trigger bloquea UPDATE y DELETE: la evidencia de auditoría no se puede alterar.,5,entity_id,uuid,SI,,
audit_log,Registro inmutable (append-only) de accesos y cambios sobre datos clínicos. Cumple RNF-14 (trazabilidad clínica). Un trigger bloquea UPDATE y DELETE: la evidencia de auditoría no se puede alterar.,6,patient_id,uuid,SI,,
audit_log,Registro inmutable (append-only) de accesos y cambios sobre datos clínicos. Cumple RNF-14 (trazabilidad clínica). Un trigger bloquea UPDATE y DELETE: la evidencia de auditoría no se puede alterar.,7,old_value,jsonb,SI,,Estado anterior del recurso en un cambio. jsonb INTENCIONAL: la auditoría registra entidades heterogéneas.
audit_log,Registro inmutable (append-only) de accesos y cambios sobre datos clínicos. Cumple RNF-14 (trazabilidad clínica). Un trigger bloquea UPDATE y DELETE: la evidencia de auditoría no se puede alterar.,8,new_value,jsonb,SI,,Estado nuevo del recurso en un cambio.
audit_log,Registro inmutable (append-only) de accesos y cambios sobre datos clínicos. Cumple RNF-14 (trazabilidad clínica). Un trigger bloquea UPDATE y DELETE: la evidencia de auditoría no se puede alterar.,9,ip_address,inet,SI,,
audit_log,Registro inmutable (append-only) de accesos y cambios sobre datos clínicos. Cumple RNF-14 (trazabilidad clínica). Un trigger bloquea UPDATE y DELETE: la evidencia de auditoría no se puede alterar.,10,user_agent,character varying(300),SI,,
audit_log,Registro inmutable (append-only) de accesos y cambios sobre datos clínicos. Cumple RNF-14 (trazabilidad clínica). Un trigger bloquea UPDATE y DELETE: la evidencia de auditoría no se puede alterar.,11,created_at,timestamp with time zone,NO,now(),
emergency_contacts,"Contactos de emergencia del paciente, en orden de escalamiento. No está en el Anexo A: se agrega porque el endpoint 9.6 debe devolver estos teléfonos y el RF-52 exige escalar a los siguientes cuando nadie atiende.",1,id,uuid,NO,gen_random_uuid(),
emergency_contacts,"Contactos de emergencia del paciente, en orden de escalamiento. No está en el Anexo A: se agrega porque el endpoint 9.6 debe devolver estos teléfonos y el RF-52 exige escalar a los siguientes cuando nadie atiende.",2,patient_id,uuid,NO,,
emergency_contacts,"Contactos de emergencia del paciente, en orden de escalamiento. No está en el Anexo A: se agrega porque el endpoint 9.6 debe devolver estos teléfonos y el RF-52 exige escalar a los siguientes cuando nadie atiende.",3,first_name,character varying(60),NO,,
emergency_contacts,"Contactos de emergencia del paciente, en orden de escalamiento. No está en el Anexo A: se agrega porque el endpoint 9.6 debe devolver estos teléfonos y el RF-52 exige escalar a los siguientes cuando nadie atiende.",4,last_name,character varying(60),NO,,
emergency_contacts,"Contactos de emergencia del paciente, en orden de escalamiento. No está en el Anexo A: se agrega porque el endpoint 9.6 debe devolver estos teléfonos y el RF-52 exige escalar a los siguientes cuando nadie atiende.",5,full_name,character varying(121),SI,,
emergency_contacts,"Contactos de emergencia del paciente, en orden de escalamiento. No está en el Anexo A: se agrega porque el endpoint 9.6 debe devolver estos teléfonos y el RF-52 exige escalar a los siguientes cuando nadie atiende.",6,relationship,character varying(40),SI,,
emergency_contacts,"Contactos de emergencia del paciente, en orden de escalamiento. No está en el Anexo A: se agrega porque el endpoint 9.6 debe devolver estos teléfonos y el RF-52 exige escalar a los siguientes cuando nadie atiende.",7,phone,character varying(16),NO,,
emergency_contacts,"Contactos de emergencia del paciente, en orden de escalamiento. No está en el Anexo A: se agrega porque el endpoint 9.6 debe devolver estos teléfonos y el RF-52 exige escalar a los siguientes cuando nadie atiende.",8,escalation_order,smallint,NO,1,"Prioridad de aviso: 1 primero. Sin este orden, ""los siguientes contactos"" del RF-52 no se puede implementar."
emergency_contacts,"Contactos de emergencia del paciente, en orden de escalamiento. No está en el Anexo A: se agrega porque el endpoint 9.6 debe devolver estos teléfonos y el RF-52 exige escalar a los siguientes cuando nadie atiende.",9,notes,character varying(200),SI,,
emergency_contacts,"Contactos de emergencia del paciente, en orden de escalamiento. No está en el Anexo A: se agrega porque el endpoint 9.6 debe devolver estos teléfonos y el RF-52 exige escalar a los siguientes cuando nadie atiende.",10,created_at,timestamp with time zone,NO,now(),
emergency_contacts,"Contactos de emergencia del paciente, en orden de escalamiento. No está en el Anexo A: se agrega porque el endpoint 9.6 debe devolver estos teléfonos y el RF-52 exige escalar a los siguientes cuando nadie atiende.",11,updated_at,timestamp with time zone,NO,now(),
emergency_contacts,"Contactos de emergencia del paciente, en orden de escalamiento. No está en el Anexo A: se agrega porque el endpoint 9.6 debe devolver estos teléfonos y el RF-52 exige escalar a los siguientes cuando nadie atiende.",12,deleted_at,timestamp with time zone,SI,,
invitations,"Invitaciones al círculo de cuidado. Se invita a un CORREO, no a un usuario: el invitado puede no tener cuenta todavía (endpoints 4.6 y 3.1).",1,id,uuid,NO,gen_random_uuid(),
invitations,"Invitaciones al círculo de cuidado. Se invita a un CORREO, no a un usuario: el invitado puede no tener cuenta todavía (endpoints 4.6 y 3.1).",2,patient_id,uuid,NO,,
invitations,"Invitaciones al círculo de cuidado. Se invita a un CORREO, no a un usuario: el invitado puede no tener cuenta todavía (endpoints 4.6 y 3.1).",3,email,character varying(320),NO,,Correo del invitado. Sin clave foránea a users porque puede no existir aún. La unicidad ignora mayúsculas (ver ux_invitations_pending).
invitations,"Invitaciones al círculo de cuidado. Se invita a un CORREO, no a un usuario: el invitado puede no tener cuenta todavía (endpoints 4.6 y 3.1).",4,role,character varying(10),NO,,
invitations,"Invitaciones al círculo de cuidado. Se invita a un CORREO, no a un usuario: el invitado puede no tener cuenta todavía (endpoints 4.6 y 3.1).",5,token_hash,character varying(64),NO,,SHA-256 del token de invitación. Nunca en claro: ese token da acceso a un expediente clínico.
invitations,"Invitaciones al círculo de cuidado. Se invita a un CORREO, no a un usuario: el invitado puede no tener cuenta todavía (endpoints 4.6 y 3.1).",6,invited_by,uuid,NO,,Quién envió la invitación. Normalmente el familiar administrador.
invitations,"Invitaciones al círculo de cuidado. Se invita a un CORREO, no a un usuario: el invitado puede no tener cuenta todavía (endpoints 4.6 y 3.1).",7,expires_at,timestamp with time zone,NO,,"Vencimiento. 7 días desde el envío, según el ticket AGE-202."
invitations,"Invitaciones al círculo de cuidado. Se invita a un CORREO, no a un usuario: el invitado puede no tener cuenta todavía (endpoints 4.6 y 3.1).",8,accepted_at,timestamp with time zone,SI,,
invitations,"Invitaciones al círculo de cuidado. Se invita a un CORREO, no a un usuario: el invitado puede no tener cuenta todavía (endpoints 4.6 y 3.1).",9,accepted_by,uuid,SI,,Usuario que aceptó. ON DELETE RESTRICT: la invitación es parte de la historia del paciente y no se pierde.
invitations,"Invitaciones al círculo de cuidado. Se invita a un CORREO, no a un usuario: el invitado puede no tener cuenta todavía (endpoints 4.6 y 3.1).",10,revoked_at,timestamp with time zone,SI,,Invitación anulada por el administrador antes de ser aceptada (ticket AGE-207).
invitations,"Invitaciones al círculo de cuidado. Se invita a un CORREO, no a un usuario: el invitado puede no tener cuenta todavía (endpoints 4.6 y 3.1).",11,created_at,timestamp with time zone,NO,now(),
invitations,"Invitaciones al círculo de cuidado. Se invita a un CORREO, no a un usuario: el invitado puede no tener cuenta todavía (endpoints 4.6 y 3.1).",12,updated_at,timestamp with time zone,NO,now(),
medication_days,"Días de la semana habilitados para cada medicamento. Normalización 1FN: reemplaza el arreglo JSON days_of_week de medications. PK compuesta (medication_id, day_of_week): cada fila es atómica.",1,medication_id,uuid,NO,,
medication_days,"Días de la semana habilitados para cada medicamento. Normalización 1FN: reemplaza el arreglo JSON days_of_week de medications. PK compuesta (medication_id, day_of_week): cada fila es atómica.",2,day_of_week,smallint,NO,,"1 = lunes, 2 = martes, …, 7 = domingo. ISO 8601. Sin fila = ese día no se administra."
medication_times,Horarios de toma de cada medicamento. Normalización 1FN: reemplaza el arreglo JSON times de medications. Cada fila = un horario atómico (HH:MM).,1,id,uuid,NO,gen_random_uuid(),
medication_times,Horarios de toma de cada medicamento. Normalización 1FN: reemplaza el arreglo JSON times de medications. Cada fila = un horario atómico (HH:MM).,2,medication_id,uuid,NO,,
medication_times,Horarios de toma de cada medicamento. Normalización 1FN: reemplaza el arreglo JSON times de medications. Cada fila = un horario atómico (HH:MM).,3,time_of_day,time without time zone,NO,,Hora de toma en la zona horaria del paciente (patients.timezone). Tipo TIME sin zona: la conversión la aplica el job al generar scheduled_doses.
medications,Plan de medicamentos: QUÉ se administra y CON QUÉ FRECUENCIA. Las tomas concretas se materializan en scheduled_doses. Los horarios y días viven en medication_times y medication_days (1FN).,1,id,uuid,NO,gen_random_uuid(),
medications,Plan de medicamentos: QUÉ se administra y CON QUÉ FRECUENCIA. Las tomas concretas se materializan en scheduled_doses. Los horarios y días viven en medication_times y medication_days (1FN).,2,patient_id,uuid,NO,,
medications,Plan de medicamentos: QUÉ se administra y CON QUÉ FRECUENCIA. Las tomas concretas se materializan en scheduled_doses. Los horarios y días viven en medication_times y medication_days (1FN).,3,name,character varying(120),NO,,
medications,Plan de medicamentos: QUÉ se administra y CON QUÉ FRECUENCIA. Las tomas concretas se materializan en scheduled_doses. Los horarios y días viven en medication_times y medication_days (1FN).,4,dose_amount,numeric,NO,,"Cantidad numérica de la dosis (p. ej. 50). Separada de la unidad para poder validar y comparar; antes era un varchar ""50 mg"" no computable."
medications,Plan de medicamentos: QUÉ se administra y CON QUÉ FRECUENCIA. Las tomas concretas se materializan en scheduled_doses. Los horarios y días viven en medication_times y medication_days (1FN).,5,dose_unit,character varying(20),NO,,Unidad de la dosis: mg | g | ml | mcg | UI | gotas | comprimido | cápsula | puff | parche.
medications,Plan de medicamentos: QUÉ se administra y CON QUÉ FRECUENCIA. Las tomas concretas se materializan en scheduled_doses. Los horarios y días viven en medication_times y medication_days (1FN).,6,dose_text,character varying(60),SI,,Presentación generada (dose_amount + dose_unit) para la interfaz. Solo lectura.
medications,Plan de medicamentos: QUÉ se administra y CON QUÉ FRECUENCIA. Las tomas concretas se materializan en scheduled_doses. Los horarios y días viven en medication_times y medication_days (1FN).,7,instructions,text,SI,,
medications,Plan de medicamentos: QUÉ se administra y CON QUÉ FRECUENCIA. Las tomas concretas se materializan en scheduled_doses. Los horarios y días viven en medication_times y medication_days (1FN).,8,start_date,date,NO,,
medications,Plan de medicamentos: QUÉ se administra y CON QUÉ FRECUENCIA. Las tomas concretas se materializan en scheduled_doses. Los horarios y días viven en medication_times y medication_days (1FN).,9,end_date,date,SI,,
medications,Plan de medicamentos: QUÉ se administra y CON QUÉ FRECUENCIA. Las tomas concretas se materializan en scheduled_doses. Los horarios y días viven en medication_times y medication_days (1FN).,10,grace_window_min,smallint,NO,60,Minutos de tolerancia tras la hora programada antes de marcar la dosis como omitida y alertar (Anexo B).
medications,Plan de medicamentos: QUÉ se administra y CON QUÉ FRECUENCIA. Las tomas concretas se materializan en scheduled_doses. Los horarios y días viven en medication_times y medication_days (1FN).,11,prescribed_by,uuid,SI,,Quién definió el plan: médico o cuidadora (RF-24). ON DELETE RESTRICT: el plan y su responsable se conservan.
medications,Plan de medicamentos: QUÉ se administra y CON QUÉ FRECUENCIA. Las tomas concretas se materializan en scheduled_doses. Los horarios y días viven en medication_times y medication_days (1FN).,12,discontinued_at,timestamp with time zone,SI,,Descontinuación. Cancela las tomas futuras y conserva el historial (RF-27). NULL = vigente.
medications,Plan de medicamentos: QUÉ se administra y CON QUÉ FRECUENCIA. Las tomas concretas se materializan en scheduled_doses. Los horarios y días viven en medication_times y medication_days (1FN).,13,created_at,timestamp with time zone,NO,now(),
medications,Plan de medicamentos: QUÉ se administra y CON QUÉ FRECUENCIA. Las tomas concretas se materializan en scheduled_doses. Los horarios y días viven en medication_times y medication_days (1FN).,14,updated_at,timestamp with time zone,NO,now(),
notification_settings,Preferencias de notificación por usuario y tipo de alerta (endpoints 9.4 y 9.5).,1,id,uuid,NO,gen_random_uuid(),
notification_settings,Preferencias de notificación por usuario y tipo de alerta (endpoints 9.4 y 9.5).,2,user_id,uuid,NO,,
notification_settings,Preferencias de notificación por usuario y tipo de alerta (endpoints 9.4 y 9.5).,3,alert_type,character varying(20),NO,,
notification_settings,Preferencias de notificación por usuario y tipo de alerta (endpoints 9.4 y 9.5).,4,push_enabled,boolean,NO,true,
notification_settings,Preferencias de notificación por usuario y tipo de alerta (endpoints 9.4 y 9.5).,5,created_at,timestamp with time zone,NO,now(),
notification_settings,Preferencias de notificación por usuario y tipo de alerta (endpoints 9.4 y 9.5).,6,updated_at,timestamp with time zone,NO,now(),
patient_conditions,Condiciones médicas del paciente. Normalización 1FN: reemplaza el arreglo JSON conditions que vivía en patients. Permite filtrar pacientes por padecimiento y agregar fecha de diagnóstico.,1,id,uuid,NO,gen_random_uuid(),
patient_conditions,Condiciones médicas del paciente. Normalización 1FN: reemplaza el arreglo JSON conditions que vivía en patients. Permite filtrar pacientes por padecimiento y agregar fecha de diagnóstico.,2,patient_id,uuid,NO,,
patient_conditions,Condiciones médicas del paciente. Normalización 1FN: reemplaza el arreglo JSON conditions que vivía en patients. Permite filtrar pacientes por padecimiento y agregar fecha de diagnóstico.,3,condition,character varying(80),NO,,"Código o descripción del padecimiento (ej. hipertension, diabetes_tipo_2)."
patient_conditions,Condiciones médicas del paciente. Normalización 1FN: reemplaza el arreglo JSON conditions que vivía en patients. Permite filtrar pacientes por padecimiento y agregar fecha de diagnóstico.,4,diagnosed_at,date,SI,,Fecha de diagnóstico. Opcional; no estaba disponible en el modelo anterior.
patient_conditions,Condiciones médicas del paciente. Normalización 1FN: reemplaza el arreglo JSON conditions que vivía en patients. Permite filtrar pacientes por padecimiento y agregar fecha de diagnóstico.,5,created_at,timestamp with time zone,NO,now(),
patient_conditions,Condiciones médicas del paciente. Normalización 1FN: reemplaza el arreglo JSON conditions que vivía en patients. Permite filtrar pacientes por padecimiento y agregar fecha de diagnóstico.,6,deleted_at,timestamp with time zone,SI,,Baja lógica. Una condición corregida o remitida se desactiva; el histórico clínico se conserva para trazabilidad y analítica.
patient_members,"Vínculo entre usuarios y pacientes, con el rol de cada uno. Es el centro del control de acceso: ninguna consulta al expediente se ejecuta sin verificarla primero.",1,id,uuid,NO,gen_random_uuid(),
patient_members,"Vínculo entre usuarios y pacientes, con el rol de cada uno. Es el centro del control de acceso: ninguna consulta al expediente se ejecuta sin verificarla primero.",2,patient_id,uuid,NO,,
patient_members,"Vínculo entre usuarios y pacientes, con el rol de cada uno. Es el centro del control de acceso: ninguna consulta al expediente se ejecuta sin verificarla primero.",3,user_id,uuid,NO,,
patient_members,"Vínculo entre usuarios y pacientes, con el rol de cada uno. Es el centro del control de acceso: ninguna consulta al expediente se ejecuta sin verificarla primero.",4,role,character varying(10),NO,,"Rol DE LA RELACIÓN, no de la persona: family | caregiver | doctor | elder. El mismo usuario puede tener roles distintos sobre pacientes distintos."
patient_members,"Vínculo entre usuarios y pacientes, con el rol de cada uno. Es el centro del control de acceso: ninguna consulta al expediente se ejecuta sin verificarla primero.",5,is_owner,boolean,NO,false,Familiar administrador del paciente. Lo crea el endpoint 4.1 y no puede ser eliminado (endpoint 4.8). Solo un rol family puede serlo.
patient_members,"Vínculo entre usuarios y pacientes, con el rol de cada uno. Es el centro del control de acceso: ninguna consulta al expediente se ejecuta sin verificarla primero.",6,created_at,timestamp with time zone,NO,now(),
patient_members,"Vínculo entre usuarios y pacientes, con el rol de cada uno. Es el centro del control de acceso: ninguna consulta al expediente se ejecuta sin verificarla primero.",7,updated_at,timestamp with time zone,NO,now(),
patient_members,"Vínculo entre usuarios y pacientes, con el rol de cada uno. Es el centro del control de acceso: ninguna consulta al expediente se ejecuta sin verificarla primero.",8,removed_at,timestamp with time zone,SI,,Baja del círculo de cuidado. Se conserva la fila porque el endpoint 14.4 exige saber quién estuvo alguna vez en el círculo para validar las reseñas.
patients,Adultos mayores de los que se lleva expediente. NO es un usuario: el paciente puede no tener cuenta. El vínculo entre personas y pacientes vive en patient_members.,1,id,uuid,NO,gen_random_uuid(),
patients,Adultos mayores de los que se lleva expediente. NO es un usuario: el paciente puede no tener cuenta. El vínculo entre personas y pacientes vive en patient_members.,2,first_name,character varying(60),NO,,Nombre(s) del adulto mayor. Separado de last_name para ordenar por apellido y generar saludos formales. 1FN: atomicidad.
patients,Adultos mayores de los que se lleva expediente. NO es un usuario: el paciente puede no tener cuenta. El vínculo entre personas y pacientes vive en patient_members.,3,last_name,character varying(60),NO,,Apellido(s) del adulto mayor. 1FN: atributo distinto de first_name.
patients,Adultos mayores de los que se lleva expediente. NO es un usuario: el paciente puede no tener cuenta. El vínculo entre personas y pacientes vive en patient_members.,4,full_name,character varying(121),SI,,Columna generada (first_name || last_name). Solo lectura. Mantiene compatibilidad con la API v1 y facilita búsquedas de texto completo.
patients,Adultos mayores de los que se lleva expediente. NO es un usuario: el paciente puede no tener cuenta. El vínculo entre personas y pacientes vive en patient_members.,5,rut_number,integer,SI,,Número del RUT sin puntos ni dígito verificador. Entero para evitar duplicados por formato.
patients,Adultos mayores de los que se lleva expediente. NO es un usuario: el paciente puede no tener cuenta. El vínculo entre personas y pacientes vive en patient_members.,6,rut_dv,character(1),SI,,"Dígito verificador (0-9 o K). Derivable de rut_number por módulo 11. Se almacena por conveniencia de validación, no como dato independiente."
patients,Adultos mayores de los que se lleva expediente. NO es un usuario: el paciente puede no tener cuenta. El vínculo entre personas y pacientes vive en patient_members.,7,birth_date,date,NO,,"Fecha de nacimiento. La edad se calcula: date_part('year', age(birth_date))."
patients,Adultos mayores de los que se lleva expediente. NO es un usuario: el paciente puede no tener cuenta. El vínculo entre personas y pacientes vive en patient_members.,8,sex,character(1),NO,,"M = masculino, F = femenino, O = otro."
patients,Adultos mayores de los que se lleva expediente. NO es un usuario: el paciente puede no tener cuenta. El vínculo entre personas y pacientes vive en patient_members.,9,photo_url,text,SI,,
patients,Adultos mayores de los que se lleva expediente. NO es un usuario: el paciente puede no tener cuenta. El vínculo entre personas y pacientes vive en patient_members.,10,timezone,character varying(50),NO,'America/Santiago'::character varying,Zona horaria IANA. Base del cálculo de horarios de medicación (RF-32). Por defecto America/Santiago.
patients,Adultos mayores de los que se lleva expediente. NO es un usuario: el paciente puede no tener cuenta. El vínculo entre personas y pacientes vive en patient_members.,11,created_at,timestamp with time zone,NO,now(),
patients,Adultos mayores de los que se lleva expediente. NO es un usuario: el paciente puede no tener cuenta. El vínculo entre personas y pacientes vive en patient_members.,12,updated_at,timestamp with time zone,NO,now(),
patients,Adultos mayores de los que se lleva expediente. NO es un usuario: el paciente puede no tener cuenta. El vínculo entre personas y pacientes vive en patient_members.,13,deleted_at,timestamp with time zone,SI,,Baja lógica. El expediente clínico nunca se borra físicamente.
push_devices,"Aparatos registrados para recibir notificaciones push. Sin esto, las alertas no llegan a nadie.",1,id,uuid,NO,gen_random_uuid(),
push_devices,"Aparatos registrados para recibir notificaciones push. Sin esto, las alertas no llegan a nadie.",2,user_id,uuid,NO,,Dueño actual del aparato. Puede cambiar si otra persona inicia sesión en el mismo teléfono.
push_devices,"Aparatos registrados para recibir notificaciones push. Sin esto, las alertas no llegan a nadie.",3,push_token,character varying(255),NO,,"Código que entrega FCM o APNs. Identifica la instalación de la app, no a la persona. Único en toda la tabla."
push_devices,"Aparatos registrados para recibir notificaciones push. Sin esto, las alertas no llegan a nadie.",4,platform,character varying(10),NO,,Sistema del aparato: ios | android | web.
push_devices,"Aparatos registrados para recibir notificaciones push. Sin esto, las alertas no llegan a nadie.",5,is_active,boolean,NO,true,"false = se cerró sesión en ese aparato o el token dejó de ser válido. Se deja de enviar, pero no se borra."
push_devices,"Aparatos registrados para recibir notificaciones push. Sin esto, las alertas no llegan a nadie.",6,last_seen_at,timestamp with time zone,NO,now(),Última vez que la app confirmó este aparato. Sirve para limpiar los abandonados.
push_devices,"Aparatos registrados para recibir notificaciones push. Sin esto, las alertas no llegan a nadie.",7,created_at,timestamp with time zone,NO,now(),Primer registro del aparato.
push_devices,"Aparatos registrados para recibir notificaciones push. Sin esto, las alertas no llegan a nadie.",8,updated_at,timestamp with time zone,NO,now(),Última modificación. Trigger tg_push_devices_updated_at agregado en corrección 2FN: faltaba en la versión original.
refresh_tokens,"Sesiones activas. Guarda el hash del refresh token para poder revocarlo desde el servidor, algo que el access token (JWT sin estado) no permite.",1,id,uuid,NO,gen_random_uuid(),Identificador interno del registro de sesión.
refresh_tokens,"Sesiones activas. Guarda el hash del refresh token para poder revocarlo desde el servidor, algo que el access token (JWT sin estado) no permite.",2,user_id,uuid,NO,,"Dueño de la sesión. ON DELETE RESTRICT: el modelo no admite borrado físico; una cuenta se desactiva, no se elimina."
refresh_tokens,"Sesiones activas. Guarda el hash del refresh token para poder revocarlo desde el servidor, algo que el access token (JWT sin estado) no permite.",3,family_id,uuid,NO,,"Agrupa todos los tokens nacidos del mismo inicio de sesión. Permite revocar una sola sesión ante reutilización, sin desconectar los demás dispositivos (ticket AGE-104)."
refresh_tokens,"Sesiones activas. Guarda el hash del refresh token para poder revocarlo desde el servidor, algo que el access token (JWT sin estado) no permite.",4,token_hash,character varying(64),NO,,"SHA-256 en hexadecimal del token. Nunca el token en claro. Hash rápido a propósito: el token es aleatorio de 256 bits, no necesita resistencia a fuerza bruta."
refresh_tokens,"Sesiones activas. Guarda el hash del refresh token para poder revocarlo desde el servidor, algo que el access token (JWT sin estado) no permite.",5,expires_at,timestamp with time zone,NO,,"Vencimiento. 30 días desde la emisión, según la Documentación de Seguridad."
refresh_tokens,"Sesiones activas. Guarda el hash del refresh token para poder revocarlo desde el servidor, algo que el access token (JWT sin estado) no permite.",6,revoked_at,timestamp with time zone,SI,,Momento de la revocación. NULL = vigente.
refresh_tokens,"Sesiones activas. Guarda el hash del refresh token para poder revocarlo desde el servidor, algo que el access token (JWT sin estado) no permite.",7,revoked_reason,character varying(20),SI,,Motivo: rotated | logout | reuse_detected | password_reset | account_disabled.
refresh_tokens,"Sesiones activas. Guarda el hash del refresh token para poder revocarlo desde el servidor, algo que el access token (JWT sin estado) no permite.",8,created_at,timestamp with time zone,NO,now(),Momento de emisión del token.
scheduled_doses,"Tomas concretas generadas a partir del plan (medications + medication_times + medication_days). Existen ANTES de ocurrir, lo que permite registrar ausencias y calcular adherencia: sin estas filas no habría denominador.",1,id,uuid,NO,gen_random_uuid(),
scheduled_doses,"Tomas concretas generadas a partir del plan (medications + medication_times + medication_days). Existen ANTES de ocurrir, lo que permite registrar ausencias y calcular adherencia: sin estas filas no habría denominador.",2,medication_id,uuid,NO,,
scheduled_doses,"Tomas concretas generadas a partir del plan (medications + medication_times + medication_days). Existen ANTES de ocurrir, lo que permite registrar ausencias y calcular adherencia: sin estas filas no habría denominador.",3,scheduled_at,timestamp with time zone,NO,,Momento en que la dosis DEBÍA administrarse (planificado por el job según el plan).
scheduled_doses,"Tomas concretas generadas a partir del plan (medications + medication_times + medication_days). Existen ANTES de ocurrir, lo que permite registrar ausencias y calcular adherencia: sin estas filas no habría denominador.",4,status,character varying(10),NO,'pending'::character varying,pending | taken | skipped | postponed | missed.
scheduled_doses,"Tomas concretas generadas a partir del plan (medications + medication_times + medication_days). Existen ANTES de ocurrir, lo que permite registrar ausencias y calcular adherencia: sin estas filas no habría denominador.",5,administered_at,timestamp with time zone,SI,,"Momento REAL de administración al paciente (hecho clínico). Distinto de logged_at: una dosis puede darse a las 08:00 y registrarse a las 23:00. Base para medir puntualidad real, no solo adherencia administrativa."
scheduled_doses,"Tomas concretas generadas a partir del plan (medications + medication_times + medication_days). Existen ANTES de ocurrir, lo que permite registrar ausencias y calcular adherencia: sin estas filas no habría denominador.",6,logged_by,uuid,SI,,"Usuario que registró la dosis. Es la rendición de cuentas del acto: el sistema no puede validar la administración física, pero sí dejar evidencia inmutable de quién la declaró y cuándo."
scheduled_doses,"Tomas concretas generadas a partir del plan (medications + medication_times + medication_days). Existen ANTES de ocurrir, lo que permite registrar ausencias y calcular adherencia: sin estas filas no habría denominador.",7,logged_at,timestamp with time zone,SI,,Momento en que la cuidadora REGISTRÓ la dosis en la app (acto administrativo). Junto con logged_by da trazabilidad y responsabilidad del registro.
scheduled_doses,"Tomas concretas generadas a partir del plan (medications + medication_times + medication_days). Existen ANTES de ocurrir, lo que permite registrar ausencias y calcular adherencia: sin estas filas no habría denominador.",8,reason,character varying(200),SI,,Motivo de la omisión. Obligatorio cuando el estado es skipped (RF-29).
scheduled_doses,"Tomas concretas generadas a partir del plan (medications + medication_times + medication_days). Existen ANTES de ocurrir, lo que permite registrar ausencias y calcular adherencia: sin estas filas no habría denominador.",9,postponed_until,timestamp with time zone,SI,,Nueva hora tras posponer. Máximo 4 horas después de lo programado (endpoint 6.6).
scheduled_doses,"Tomas concretas generadas a partir del plan (medications + medication_times + medication_days). Existen ANTES de ocurrir, lo que permite registrar ausencias y calcular adherencia: sin estas filas no habría denominador.",10,created_at,timestamp with time zone,NO,now(),
scheduled_doses,"Tomas concretas generadas a partir del plan (medications + medication_times + medication_days). Existen ANTES de ocurrir, lo que permite registrar ausencias y calcular adherencia: sin estas filas no habría denominador.",11,updated_at,timestamp with time zone,NO,now(),
sos_events,Activaciones del botón de emergencia. Cada una genera exactamente una alerta crítica (UNIQUE sobre alert_id).,1,id,uuid,NO,gen_random_uuid(),
sos_events,Activaciones del botón de emergencia. Cada una genera exactamente una alerta crítica (UNIQUE sobre alert_id).,2,patient_id,uuid,NO,,
sos_events,Activaciones del botón de emergencia. Cada una genera exactamente una alerta crítica (UNIQUE sobre alert_id).,3,triggered_by,uuid,SI,,Quién lo activó: cuidadora o el propio adulto mayor (RF-51). ON DELETE RESTRICT: el evento queda en el expediente.
sos_events,Activaciones del botón de emergencia. Cada una genera exactamente una alerta crítica (UNIQUE sobre alert_id).,4,alert_id,uuid,NO,,
sos_events,Activaciones del botón de emergencia. Cada una genera exactamente una alerta crítica (UNIQUE sobre alert_id).,5,note,character varying(300),SI,,
sos_events,Activaciones del botón de emergencia. Cada una genera exactamente una alerta crítica (UNIQUE sobre alert_id).,6,latitude,numeric,SI,,"Ubicación al momento del SOS. No está en el Anexo A, pero la app la captura: el pubspec.yaml incluye geolocator con el comentario ""ubicación para SOS""."
sos_events,Activaciones del botón de emergencia. Cada una genera exactamente una alerta crítica (UNIQUE sobre alert_id).,7,longitude,numeric,SI,,
sos_events,Activaciones del botón de emergencia. Cada una genera exactamente una alerta crítica (UNIQUE sobre alert_id).,8,created_at,timestamp with time zone,NO,now(),
subscriptions,Suscripciones del modelo freemium (RF-73). Da soporte a la validación de acceso a funciones de pago y a la métrica de conversión del plan de negocio. Conserva el historial de períodos para analítica de retención.,1,id,uuid,NO,gen_random_uuid(),
subscriptions,Suscripciones del modelo freemium (RF-73). Da soporte a la validación de acceso a funciones de pago y a la métrica de conversión del plan de negocio. Conserva el historial de períodos para analítica de retención.,2,user_id,uuid,NO,,
subscriptions,Suscripciones del modelo freemium (RF-73). Da soporte a la validación de acceso a funciones de pago y a la métrica de conversión del plan de negocio. Conserva el historial de períodos para analítica de retención.,3,plan,character varying(20),NO,,free | premium. El adulto mayor nunca paga; en v1 la suscripción aplica a la cuidadora.
subscriptions,Suscripciones del modelo freemium (RF-73). Da soporte a la validación de acceso a funciones de pago y a la métrica de conversión del plan de negocio. Conserva el historial de períodos para analítica de retención.,4,status,character varying(20),NO,'active'::character varying,active | past_due | cancelled | expired. Solo una activa por usuario (índice parcial).
subscriptions,Suscripciones del modelo freemium (RF-73). Da soporte a la validación de acceso a funciones de pago y a la métrica de conversión del plan de negocio. Conserva el historial de períodos para analítica de retención.,5,started_at,timestamp with time zone,NO,now(),
subscriptions,Suscripciones del modelo freemium (RF-73). Da soporte a la validación de acceso a funciones de pago y a la métrica de conversión del plan de negocio. Conserva el historial de períodos para analítica de retención.,6,current_period_end,timestamp with time zone,SI,,
subscriptions,Suscripciones del modelo freemium (RF-73). Da soporte a la validación de acceso a funciones de pago y a la métrica de conversión del plan de negocio. Conserva el historial de períodos para analítica de retención.,7,cancelled_at,timestamp with time zone,SI,,
subscriptions,Suscripciones del modelo freemium (RF-73). Da soporte a la validación de acceso a funciones de pago y a la métrica de conversión del plan de negocio. Conserva el historial de períodos para analítica de retención.,8,provider_ref,character varying(120),SI,,Referencia opaca a la pasarela de pago. NO se almacenan datos de tarjeta (cumplimiento PCI).
subscriptions,Suscripciones del modelo freemium (RF-73). Da soporte a la validación de acceso a funciones de pago y a la métrica de conversión del plan de negocio. Conserva el historial de períodos para analítica de retención.,9,created_at,timestamp with time zone,NO,now(),
subscriptions,Suscripciones del modelo freemium (RF-73). Da soporte a la validación de acceso a funciones de pago y a la métrica de conversión del plan de negocio. Conserva el historial de períodos para analítica de retención.,10,updated_at,timestamp with time zone,NO,now(),
system_parameters,"Catálogo clave-valor de parámetros de negocio configurables (umbrales de alertas, vigencias de tokens, ventanas de tiempo). Centraliza valores que antes vivían en el código; configurables y auditables sin redespliegue.",1,key,character varying(60),NO,,
system_parameters,"Catálogo clave-valor de parámetros de negocio configurables (umbrales de alertas, vigencias de tokens, ventanas de tiempo). Centraliza valores que antes vivían en el código; configurables y auditables sin redespliegue.",2,value,character varying(120),NO,,
system_parameters,"Catálogo clave-valor de parámetros de negocio configurables (umbrales de alertas, vigencias de tokens, ventanas de tiempo). Centraliza valores que antes vivían en el código; configurables y auditables sin redespliegue.",3,value_type,character varying(20),NO,'int'::character varying,Interpretación del valor: int | minutes | hours | decimal | bool | text.
system_parameters,"Catálogo clave-valor de parámetros de negocio configurables (umbrales de alertas, vigencias de tokens, ventanas de tiempo). Centraliza valores que antes vivían en el código; configurables y auditables sin redespliegue.",4,description,character varying(300),NO,,
system_parameters,"Catálogo clave-valor de parámetros de negocio configurables (umbrales de alertas, vigencias de tokens, ventanas de tiempo). Centraliza valores que antes vivían en el código; configurables y auditables sin redespliegue.",5,updated_by,uuid,SI,,Último administrador que modificó el parámetro. Trazabilidad del cambio de configuración.
system_parameters,"Catálogo clave-valor de parámetros de negocio configurables (umbrales de alertas, vigencias de tokens, ventanas de tiempo). Centraliza valores que antes vivían en el código; configurables y auditables sin redespliegue.",6,updated_at,timestamp with time zone,NO,now(),
users,"Cuentas de usuario. El rol NO vive acá: un usuario puede tener roles distintos sobre distintos pacientes, y eso se resuelve en patient_members.",1,id,uuid,NO,gen_random_uuid(),Identificador interno. UUID generado por la base.
users,"Cuentas de usuario. El rol NO vive acá: un usuario puede tener roles distintos sobre distintos pacientes, y eso se resuelve en patient_members.",2,email,character varying(254),NO,,"Correo de acceso. Unicidad garantizada por ux_users_email_lower, sin distinguir mayúsculas."
users,"Cuentas de usuario. El rol NO vive acá: un usuario puede tener roles distintos sobre distintos pacientes, y eso se resuelve en patient_members.",3,password_hash,character varying(255),NO,,Hash argon2 o bcrypt. Nunca la contraseña en claro. Largo holgado porque el algoritmo aún no está decidido.
users,"Cuentas de usuario. El rol NO vive acá: un usuario puede tener roles distintos sobre distintos pacientes, y eso se resuelve en patient_members.",4,first_name,character varying(60),NO,,
users,"Cuentas de usuario. El rol NO vive acá: un usuario puede tener roles distintos sobre distintos pacientes, y eso se resuelve en patient_members.",5,last_name,character varying(60),NO,,
users,"Cuentas de usuario. El rol NO vive acá: un usuario puede tener roles distintos sobre distintos pacientes, y eso se resuelve en patient_members.",6,full_name,character varying(121),SI,,"Nombre completo, 2 a 120 caracteres. Se evaluó separarlo y se mantuvo unido por contrato con la API."
users,"Cuentas de usuario. El rol NO vive acá: un usuario puede tener roles distintos sobre distintos pacientes, y eso se resuelve en patient_members.",7,phone,character varying(16),SI,,"Teléfono en formato E.164, opcional."
users,"Cuentas de usuario. El rol NO vive acá: un usuario puede tener roles distintos sobre distintos pacientes, y eso se resuelve en patient_members.",8,avatar_url,text,SI,,URL de la foto de perfil. Opcional.
users,"Cuentas de usuario. El rol NO vive acá: un usuario puede tener roles distintos sobre distintos pacientes, y eso se resuelve en patient_members.",9,locale,character varying(5),NO,'es'::character varying,Idioma preferido de la interfaz. es | en.
users,"Cuentas de usuario. El rol NO vive acá: un usuario puede tener roles distintos sobre distintos pacientes, y eso se resuelve en patient_members.",10,is_active,boolean,NO,true,false = cuenta desactivada por soporte. Ticket AGE-208.
users,"Cuentas de usuario. El rol NO vive acá: un usuario puede tener roles distintos sobre distintos pacientes, y eso se resuelve en patient_members.",11,created_at,timestamp with time zone,NO,now(),Fecha de creación del registro.
users,"Cuentas de usuario. El rol NO vive acá: un usuario puede tener roles distintos sobre distintos pacientes, y eso se resuelve en patient_members.",12,updated_at,timestamp with time zone,NO,now(),Fecha de última modificación. La mantiene el trigger tg_users_updated_at.
users,"Cuentas de usuario. El rol NO vive acá: un usuario puede tener roles distintos sobre distintos pacientes, y eso se resuelve en patient_members.",13,deleted_at,timestamp with time zone,SI,,"Baja lógica para la eliminación de cuenta. Ticket AGE-1007, requisito de Google Play. NULL = vigente."
vital_readings,"Mediciones de signos vitales. Particionada por mes (RNF-07). Tabla append-only. PK (id, measured_at): excepción técnica de PostgreSQL para tablas particionadas, documentada en el constraint pk_vital_readings.",1,id,uuid,NO,gen_random_uuid(),
vital_readings,"Mediciones de signos vitales. Particionada por mes (RNF-07). Tabla append-only. PK (id, measured_at): excepción técnica de PostgreSQL para tablas particionadas, documentada en el constraint pk_vital_readings.",2,patient_id,uuid,NO,,
vital_readings,"Mediciones de signos vitales. Particionada por mes (RNF-07). Tabla append-only. PK (id, measured_at): excepción técnica de PostgreSQL para tablas particionadas, documentada en el constraint pk_vital_readings.",3,type,character varying(16),NO,,Tipo de signo vital. FK a vital_types.code (catálogo centralizado). Reemplaza el CHECK de lista duplicada.
vital_readings,"Mediciones de signos vitales. Particionada por mes (RNF-07). Tabla append-only. PK (id, measured_at): excepción técnica de PostgreSQL para tablas particionadas, documentada en el constraint pk_vital_readings.",4,value,numeric,NO,,Valor principal. En presión arterial: sistólica.
vital_readings,"Mediciones de signos vitales. Particionada por mes (RNF-07). Tabla append-only. PK (id, measured_at): excepción técnica de PostgreSQL para tablas particionadas, documentada en el constraint pk_vital_readings.",5,value_secondary,numeric,SI,,Solo para blood_pressure: diastólica. NULL en todos los demás tipos.
vital_readings,"Mediciones de signos vitales. Particionada por mes (RNF-07). Tabla append-only. PK (id, measured_at): excepción técnica de PostgreSQL para tablas particionadas, documentada en el constraint pk_vital_readings.",6,measured_at,timestamp with time zone,NO,,"Momento de la medición. Columna de particionamiento. Parte de la PK por requerimiento técnico de PostgreSQL, no por diseño relacional."
vital_readings,"Mediciones de signos vitales. Particionada por mes (RNF-07). Tabla append-only. PK (id, measured_at): excepción técnica de PostgreSQL para tablas particionadas, documentada en el constraint pk_vital_readings.",7,source,character varying(10),NO,,wearable = automática del dispositivo. manual = registrada por la cuidadora (RF-18).
vital_readings,"Mediciones de signos vitales. Particionada por mes (RNF-07). Tabla append-only. PK (id, measured_at): excepción técnica de PostgreSQL para tablas particionadas, documentada en el constraint pk_vital_readings.",8,meta,jsonb,SI,,"Datos adicionales del proveedor del wearable. jsonb INTENCIONAL: cada proveedor (Garmin, Whoop, HealthKit) envía campos distintos y opcionales. No se consulta ni se filtra: solo se conserva como trazabilidad. Excepción documentada a 1FN."
vital_readings,"Mediciones de signos vitales. Particionada por mes (RNF-07). Tabla append-only. PK (id, measured_at): excepción técnica de PostgreSQL para tablas particionadas, documentada en el constraint pk_vital_readings.",9,created_at,timestamp with time zone,NO,now(),
vital_thresholds,Rango normal de cada signo vital por paciente. Define cuándo una lectura dispara una alerta vital_out_of_range.,1,id,uuid,NO,gen_random_uuid(),
vital_thresholds,Rango normal de cada signo vital por paciente. Define cuándo una lectura dispara una alerta vital_out_of_range.,2,patient_id,uuid,NO,,
vital_thresholds,Rango normal de cada signo vital por paciente. Define cuándo una lectura dispara una alerta vital_out_of_range.,3,type,character varying(16),NO,,Tipo de signo vital. FK a vital_types.code: reemplaza el CHECK de lista duplicada que existía en vital_readings y aquí.
vital_thresholds,Rango normal de cada signo vital por paciente. Define cuándo una lectura dispara una alerta vital_out_of_range.,4,min_value,numeric,SI,,Límite inferior. NULL si el vital solo tiene techo (ej. temperatura).
vital_thresholds,Rango normal de cada signo vital por paciente. Define cuándo una lectura dispara una alerta vital_out_of_range.,5,max_value,numeric,SI,,Límite superior. NULL si el vital solo tiene piso (ej. saturación O₂).
vital_thresholds,Rango normal de cada signo vital por paciente. Define cuándo una lectura dispara una alerta vital_out_of_range.,6,updated_by,uuid,SI,,Quién configuró el umbral por última vez (RF-21). ON DELETE RESTRICT: se conserva el registro de quién lo definió.
vital_thresholds,Rango normal de cada signo vital por paciente. Define cuándo una lectura dispara una alerta vital_out_of_range.,7,created_at,timestamp with time zone,NO,now(),
vital_thresholds,Rango normal de cada signo vital por paciente. Define cuándo una lectura dispara una alerta vital_out_of_range.,8,updated_at,timestamp with time zone,NO,now(),
vital_thresholds,Rango normal de cada signo vital por paciente. Define cuándo una lectura dispara una alerta vital_out_of_range.,9,deleted_at,timestamp with time zone,SI,,Baja lógica. Un umbral reemplazado se desactiva; se conserva el histórico de rangos para trazabilidad y analítica.
vital_types,Catálogo de tipos de signos vitales. Fuente única de verdad: reemplaza los CHECK duplicados en vital_readings y vital_thresholds. Agregar un nuevo tipo aquí lo habilita automáticamente en todo el sistema.,1,code,character varying(16),NO,,Identificador corto usado en la API y en las tablas de mediciones.
vital_types,Catálogo de tipos de signos vitales. Fuente única de verdad: reemplaza los CHECK duplicados en vital_readings y vital_thresholds. Agregar un nuevo tipo aquí lo habilita automáticamente en todo el sistema.,2,label,character varying(60),NO,,
vital_types,Catálogo de tipos de signos vitales. Fuente única de verdad: reemplaza los CHECK duplicados en vital_readings y vital_thresholds. Agregar un nuevo tipo aquí lo habilita automáticamente en todo el sistema.,3,unit,character varying(10),NO,''::character varying,Unidad de presentación. Reemplaza el dict UNITS hardcodeado en vitals.py.
vital_types,Catálogo de tipos de signos vitales. Fuente única de verdad: reemplaza los CHECK duplicados en vital_readings y vital_thresholds. Agregar un nuevo tipo aquí lo habilita automáticamente en todo el sistema.,4,has_secondary,boolean,NO,false,true solo para blood_pressure (sistólica + diastólica). Usado por el CHECK ck_vital_readings_secondary.
wearables,Dispositivo vestible vinculado a un paciente. Guarda el aparato y su estado; las mediciones viven en vital_readings.,1,id,uuid,NO,gen_random_uuid(),
wearables,Dispositivo vestible vinculado a un paciente. Guarda el aparato y su estado; las mediciones viven en vital_readings.,2,patient_id,uuid,NO,,
wearables,Dispositivo vestible vinculado a un paciente. Guarda el aparato y su estado; las mediciones viven en vital_readings.,3,provider,character varying(20),NO,'simulator'::character varying,"Origen de los datos: simulator (v1 del plan) | healthkit | health_connect | garmin | whoop, vía Spike API."
wearables,Dispositivo vestible vinculado a un paciente. Guarda el aparato y su estado; las mediciones viven en vital_readings.,4,serial_number,character varying(64),NO,,"Número de serie del aparato. Único junto al proveedor, y solo entre los vinculados: un reloj desvinculado puede asignarse a otro paciente."
wearables,Dispositivo vestible vinculado a un paciente. Guarda el aparato y su estado; las mediciones viven en vital_readings.,5,model,character varying(60),SI,,
wearables,Dispositivo vestible vinculado a un paciente. Guarda el aparato y su estado; las mediciones viven en vital_readings.,6,battery_pct,smallint,SI,,"Nivel de batería, 0 a 100. NULL si el aparato aún no ha reportado (RF-16)."
wearables,Dispositivo vestible vinculado a un paciente. Guarda el aparato y su estado; las mediciones viven en vital_readings.,7,last_sync_at,timestamp with time zone,SI,,"Última medición recibida. Base de la alerta wearable_offline: sin datos por más de 2 horas (Anexo B). NO se guarda un estado ""conectado"": se calcula comparando con la hora actual."
wearables,Dispositivo vestible vinculado a un paciente. Guarda el aparato y su estado; las mediciones viven en vital_readings.,8,unlinked_at,timestamp with time zone,SI,,Desvinculación. NULL = vigente. Se conserva la fila para mantener el historial de aparatos del paciente.
wearables,Dispositivo vestible vinculado a un paciente. Guarda el aparato y su estado; las mediciones viven en vital_readings.,9,created_at,timestamp with time zone,NO,now(),
wearables,Dispositivo vestible vinculado a un paciente. Guarda el aparato y su estado; las mediciones viven en vital_readings.,10,updated_at,timestamp with time zone,NO,now(),
wellbeing_snapshots,"Fotografía diaria del semáforo de bienestar por paciente (ok | warning | attention). Historiza un indicador que de otro modo se perdería al calcularse al vuelo, dando soporte al expediente histórico y a la analítica de tendencias.",1,id,uuid,NO,gen_random_uuid(),
wellbeing_snapshots,"Fotografía diaria del semáforo de bienestar por paciente (ok | warning | attention). Historiza un indicador que de otro modo se perdería al calcularse al vuelo, dando soporte al expediente histórico y a la analítica de tendencias.",2,patient_id,uuid,NO,,
wellbeing_snapshots,"Fotografía diaria del semáforo de bienestar por paciente (ok | warning | attention). Historiza un indicador que de otro modo se perdería al calcularse al vuelo, dando soporte al expediente histórico y a la analítica de tendencias.",3,snapshot_date,date,NO,,
wellbeing_snapshots,"Fotografía diaria del semáforo de bienestar por paciente (ok | warning | attention). Historiza un indicador que de otro modo se perdería al calcularse al vuelo, dando soporte al expediente histórico y a la analítica de tendencias.",4,status,character varying(12),NO,,
wellbeing_snapshots,"Fotografía diaria del semáforo de bienestar por paciente (ok | warning | attention). Historiza un indicador que de otro modo se perdería al calcularse al vuelo, dando soporte al expediente histórico y a la analítica de tendencias.",5,reasons,jsonb,NO,'[]'::jsonb,Motivos legibles del estado del día. jsonb INTENCIONAL: lista de razones que solo se muestran.
wellbeing_snapshots,"Fotografía diaria del semáforo de bienestar por paciente (ok | warning | attention). Historiza un indicador que de otro modo se perdería al calcularse al vuelo, dando soporte al expediente histórico y a la analítica de tendencias.",6,vitals_out_of_range,smallint,NO,0,Conteo de vitales fuera de rango ese día; respalda y audita el cálculo del estado.
wellbeing_snapshots,"Fotografía diaria del semáforo de bienestar por paciente (ok | warning | attention). Historiza un indicador que de otro modo se perdería al calcularse al vuelo, dando soporte al expediente histórico y a la analítica de tendencias.",7,doses_missed,smallint,NO,0,
wellbeing_snapshots,"Fotografía diaria del semáforo de bienestar por paciente (ok | warning | attention). Historiza un indicador que de otro modo se perdería al calcularse al vuelo, dando soporte al expediente histórico y a la analítica de tendencias.",8,active_alerts,smallint,NO,0,
wellbeing_snapshots,"Fotografía diaria del semáforo de bienestar por paciente (ok | warning | attention). Historiza un indicador que de otro modo se perdería al calcularse al vuelo, dando soporte al expediente histórico y a la analítica de tendencias.",9,computed_at,timestamp with time zone,NO,now(),
